cache bay cachet caderette cadmus caesarea cahore cainsville caintown cairngorm cairo caistor centre caistorville calabogie caledon east caledonia caledonia springs california , lanark county california , leeds and grenville united counties caliper lake callum calm lake calstock calton camborne cambray cambridge , prescott and russell united counties camden camden east camilla camlachie campania campden campbellcroft campbellford campbelltown campbellville camp oconto canal canborough canfield cannington capreol caramat cardiff cardinal cardwell cargill carholme carleton place carlingford carlington carlisle carlow carlsbad springs carlsruhe carmel , northumberland county carmel , peterborough county carp carrying place carss cartier cashtown corners casimir cassburn castlederg castleford castlemore castleton cat lake cataraqui cathcart caverlys landing cayuga cavan-monaghan cecebe cedarbrae cedar beach cedar croft cedardale cedar grove cedar meadows cedar mills cedar valley , peterborough county cedar valley , wellington county cedar village cedarville , grey county cedarville , simcoe county central patricia centralia centre dummer centrefield centre inn centre wellington centreton centreview centreville , bruce county centreville , grey county centreville , lennox and addington county centreville , oxford county centreville , waterloo regional municipality centurion ceylon chaffey 's lock chalk river charlieville charlottenburgh chartrand corner chase corners cheddar cheeseborough chelmsford cheltenham cheney chepstow cherry valley chesley chesterville chetwynd chevrier chikopi chippewa hill chippewas of rama first nation christian valley churchill churchville chute-à-blondeau clappisons corners clare claremont clarence clarence creek clarendon station clareview clarina claireville , brampton clairville , toronto clarke clarkeburg clarkson clavering clayton clear creek clear lake clifford clinton clontarf clover valley cloyne clyde clyde forks clydesville cobden coboconk coe hill coin gratton colbeck colborne colchester cold springs coldstream coldwater colebrook cole lake coleraine colgan collins bay colpoy 's bay columbus comber combermere commanda concord coniston conn connaught , renfrew county connaught , stormont , dundas and glengarry united counties connaught , timmins connellys conover constance bay conway cooks mills , niagara region cooks mills , nipissing district cook 's shore cookstown cooksville copper cooper 's falls copetown coppell copper cliff copperhead copperkettle coppins corners coral rapids corbeil corbett corbetton corbyville cordova corkery cornell corunna cotieville cotnam island cottesloe courtice courtland courtright craigleith craigmont craig shore cramahe crathie crawford crean hill crediton creemore creightons corners creighton mine cromarty crombie crooked bay crookston crooked creek crosby crosshill crowes landing crow lake croydon cruikshank crysler crystal beach crystal falls cumberland beach cumberland , ottawa cumberland , simcoe county curran curry hill eabametoong first nation eades eads bush eady eagle eagle lake , haliburton county eagle lake , parry sound district eagle river eagles nest ear falls earlton earnscliffe east colborne east emily east hungerford east linton east luther-grand valley east oakland east oro east oxford east tay point east york eastons corners eastview eastwood eatonville eau claire eau claire station ebbs shore ebenezer , hastings county , ebenezer , leeds and grenville united counties ebenezer , peel regional municipality ebenezer , simcoe county eberts ebordale echo echo bay eden eden grove , leeds and grenville united counties eden grove , bruce county eden mills edenhurst edenvale edgar edgars edge hill edgeley edgewater beach edgewater park edmore beach edville edwards edys mills effingham egan creek eganville egbert egerton egmondville elba eldorado elizabeth bay elizabethtown elizabethville elk lake ellengowan ellisville elmgrove elmira elm pine trail elm tree elmvale elmwood , frontenac county elmwood , grey county eloida elora elphin elsinore elzevir embro embrun emerald emery emsdale englehart english line english river ennismore township ennotville enterprise eramosa erin mills erindale erinsville ernestown escott essonville estaire etobicoke etwell eugenia evansville , manitoulin district , ontario evansville , nipissing district , ontario eversley everton exeter fair valley fairfax fairfield fairfield east fairfield plain fairground fairholme fairmount , frontenac county fairmount , grey county fairplay fairview , renfrew county fairview , elgin county fairview , oxford county fairview , renfrew county falconbridge , middlesex county falconbridge , greater sudbury falding falkenburg station falkland fallbrook fallowfield fanshawe fanshawe lake farewell farleys corners farmington farnham farquhar farrell corners fassifern fawcettville fawkham featherstone point feir mill feldspar felton fenaghvale fenella fenelon falls fenwick fergus ferguslea ferguson corners ferguson falls fergusons beach fermoy fesserton feversham field fife 's bay finch fingal fishers glen fisherville fitzroy harbour five corners five mile bay flamborough flanders flesherton flinton flinton corners floradale florence flower station foleyet folger fonthill fordwich forest forest lea forget fort albany forthton fort irwin fort severn fowlers corners fox corners foxboro foxey foymount frankford franktown frankville franz fraserdale fraserville fraxa freeman corners fremo corners french line froatburn frogmore fullarton fuller fulton peter lake traverse lake valley grove lakefield lakehurst lakelet lakeport lakeside , kenora district , ontario lakeside , oxford county , ontario lambeth , middlesex county lambeth , oxford county lamlash lammermoor lancaster lancelot landerkin langford langstaff langton lansdowne laskay laurel laurel station lauriston lavant layton leaside leaskdale leeburn leeds lefaivre lefroy leggatt legge lehighs corners leith leitrim lemieux letterbreen levack lewisham lighthouse beach lillies lily oak limehouse limoges linden bank lindenwood lindsay links mills linton linwood lion 's head lisle listowel little britain little current little germany , grey county little germany , northumberland county little longlac little rapids lively living springs lloyd lloydtown lobo lochalsh , algoma district lochalsh , huron county lochwinnoch lockerby locksley lombardy londesborough long bay long beach , kawartha lakes long beach , niagara regional municipality long lake , frontenac county long lake , thunder bay district longlac longford mills long point long sault longwood lords mills lorimer lake lorne park lorneville lorraine lorreto lost channel , hastings county lost channel , parry sound district louise lowbanks low bush river lower stafford lowther lucan lucasville lucknow ludgate lueck mill luton lyn lyndale lynden lyndhurst lynedoch lynhurst lynnville lyons m'chigeeng mabee 's corners macdiarmid macdonald bay macdonald grove macduff macey bay macgillivrays bridge mackenzie mackenzie point mackey mackey siding macksville maclarens landing mactier macton macville madawaska madigans madoc madsen magnetawan maguire maidstone maitland , huron county maitland , united counties of leeds and grenville malakoff malcolm mallorytown malone malton manbert manchester manhard manilla manions corners manitou dock manitouwadge manitowaning mannheim manotick mansewood mansfield , dufferin county manvers township maple maple beach maple grove maple hill , bruce county maple hill , frontenac county maple hill , york regional municipality maple island maple lane maple leaf maple valley , clearview maple valley , severn maplewood marble bluff marden marlbank mariposa mariposa beach markdale markstay marmion marmora marmora station marsh hill marsville marten river martins martins corner martintown marionville maryhill marysville , frontenac county , ontario marysville , hastings county , ontario massanoga massey massie matachewan mathers corners mattagami first nation mattice maxville maxwell , grey county maxwell , hastings county maxwells mayfield west mayhew mayhews landing maynard maynooth maynooth station mcalpine corners mccann 's shore mccarleys corners mcconkey mccormick mccrackens landing mccrae mccreary 's shore mccrimmon mcculloughs landing mcdougall mcgarry flats mcginnis creek mcgrath mcgregor mcguires settlement mcintosh , bruce county mcintosh , kenora district mcintyre , grey county mcintyre , lennox and addington county mcivor mckerrow mckillop mclean mcleansville mcmillans corners mcnaughton shore mcroberts corner meadowvale medina melbourne meldrum bay melissa menie merlin merrickville metcalfe meyersburg michipicoten micksburg middleport middleville midhurst mildmay milford milford bay millbank miller lake millhaven milliken milnet milverton minaki mindemoya minden mine centre minesing minett mishkeegogamang first nation missanabie mississippi station mitchell mitchell 's bay mitchell 's corners mitchellville moffat moira monck monetville monkland monkton mono mills monteagle monteith monticello monument corner moonstone moorefield mooresburg moores lake mooretown moose creek moose factory moosonee moray morganston morrisburg morson morrison landing mortimer 's point morven mosborough moscow mossley mountain mountain grove mountain view beach mount albert mount brydges mount carmel , prince edward county , ontario mount carmel , essex county , ontario mount carmel , haldimand county , ontario mount carmel , middlesex county , ontario mount elgin mount forest mount hope , bruce county mount hope , hamilton mount joy mount julian mount pleasant , brampton mount pleasant , brant county mount pleasant , grey county mount pleasant , hastings county mount pleasant , lennox and addington county mount pleasant , perth county mount pleasant , peterborough county mount pleasant , york regional municipality mount salem mount st sable sabourins crossing saganaga lake saginaw sahanatien saintfield salem in arran–elderslie , bruce county salem in south bruce , bruce county salem , dufferin county salem , durham regional municipality salem , frontenac county salem , northumberland county salem , wellington county salford salisbury salmon point salmonville saltford sam lake sandford sand banks sand bay corner sandcastle beach sandfield sandringham sandy hill sandy lake sans souci sarepta sauble beach sauble beach north sauble beach south sauble falls saugeen savanne savant lake schipaville scone scotch block scotch bush , hastings county , ontario scotch bush , renfrew county , ontario scotch corners scotia scotland scugog scugog centre schomberg sebright seagrave seaforth seeley seeleys bay seguin selby selkirk selton senecal seouls corner sesekinika seven mile narrows severn bridge severn falls shady nook shakespeare shallow lake shamrock shannon hall shannonville shanty bay sharbot lake sharon shebandowan shebeshekong shedden sheffield sherwood sherwood springs shetland shillington shiloh shouldice shrigley siberia silver creek silver dollar silver hill simpson corners singhampton sioux narrows skerryvore skipness slate falls sleeman smithdale smithville snelgrove snowball snow road station snug harbour snug haven sodom sonya soperton south augusta south beach south branch southcott pines south crosby south dummer south march south middleton south monaghan south wilberforce southampton sowerby sparkle city sparta speedside spence speyside spicer spier spring bay springbrook springfield springford springhill springmount springvale spring valley springville squire squirrel town st waba wabigoon wabos wabozominissing waddington beach wade 's landing wagarville wagram wahawin wahnapitae wahnapitae first nation wahta mohawk territory wahwashkesh lake waldau waldemar walden walford walker woods walkers walkers point walkerton walkerville wallace , nipissing district wallace , perth county wallaceburg wallace point wallbridge wallenstein walls walnut walpole island walsh walsingham walters falls walton waneeta beach wanikewin wanstead wanup warburton ward wardsville wareham warina warings corner warkworth warminster warner warren warsaw wartburg washagami washago washburn washburn island washburns corners washington wasing watercombe waterdown waterfall waterford waterton watford watsons watsons corners wattenwyle waterson corners waubamik waubaushene waubuno waudby waupoos waupoos east waupoos island wavecrest wavell waverley waverley beach wayside webbwood webequie first nation welbeck welcome wellesley wendake beach wendover werner lake weslemkoon wesley west corners west essa west guilford west huntingdon west huntingdon station west lake west lorne westmeath westminster , middlesex county westminster , prescott and russell united counties west mcgillivray west montrose westview westwood wharncliffe wheatley whitfield whitney whittington wiarton wick wicklow wilberforce wilcox corners wildwood wilfrid wilkinson williamsburg williamsford williamsport williamstown williscroft willowbank wilmot creek wilsonville wilstead wilton winchester windermere windham centre wingham winisk winona winslow wisawasa wodehouse woito wolftown wolseley woodbridge woodington woodrous woods woods bay woodslee woodville woodward station wooler wrightmans corners wroxeter wyebridge wyecombe wyevale wyoming 